Status,Url,Parameters,Method,Headers,Payload,Response
active,ipwho.is,,GET,,,"{""ip"":""172.56.80.196"",""success"":true,""type"":""IPv4"",""continent"":""North America"",""continent_code"":""NA"",""country"":""United States"",""country_code"":""US"",""region"":""Arizona"",""region_code"":""AZ"",""city"":""Phoenix"",""latitude"":33.4483771,""longitude"":-112.0740373,""is_eu"":false,""postal"":""85004-1905"",""calling_code"":""1"",""capital"":""Washington D.C."",""borders"":""CA,MX"",""flag"":{""img"":""https://cdn.ipwhois.io/flags/us.svg"",""emoji"":""🇺🇸"",""emoji_unicode"":""U+1F1FA U+1F1F8""},""connection"":{""asn"":21928,""org"":""T-Mobile USA, Inc."",""isp"":""T-Mobile USA, Inc."",""domain"":""iu.edu""},""timezone"":{""id"":""America/Phoenix"",""abbr"":""MST"",""is_dst"":false,""offset"":-25200,""utc"":""-07:00"",""current_time"":""2022-06-12T10:39:15-07:00""}}"
active,api.nationalize.io,name=nathaniel,GET,,,"{""name"":""nathaniel"",""country"":[{""country_id"":""GH"",""probability"":0.3306489516462087},{""country_id"":""US"",""probability"":0.21465914776725203},{""country_id"":""PH"",""probability"":0.1657076043373859}]}"
active,ipwho.is,,GET,,,"{""ip"":""172.56.80.196"",""success"":true,""type"":""IPv4"",""continent"":""North America"",""continent_code"":""NA"",""country"":""United States"",""country_code"":""US"",""region"":""Arizona"",""region_code"":""AZ"",""city"":""Phoenix"",""latitude"":33.4483771,""longitude"":-112.0740373,""is_eu"":false,""postal"":""85004-1905"",""calling_code"":""1"",""capital"":""Washington D.C."",""borders"":""CA,MX"",""flag"":{""img"":""https://cdn.ipwhois.io/flags/us.svg"",""emoji"":""🇺🇸"",""emoji_unicode"":""U+1F1FA U+1F1F8""},""connection"":{""asn"":21928,""org"":""T-Mobile USA, Inc."",""isp"":""T-Mobile USA, Inc."",""domain"":""iu.edu""},""timezone"":{""id"":""America/Phoenix"",""abbr"":""MST"",""is_dst"":false,""offset"":-25200,""utc"":""-07:00"",""current_time"":""2022-06-12T10:39:15-07:00""}}"
active,api.nationalize.io,name=nathaniel,GET,,,"{""name"":""nathaniel"",""country"":[{""country_id"":""GH"",""probability"":0.3306489516462087},{""country_id"":""US"",""probability"":0.21465914776725203},{""country_id"":""PH"",""probability"":0.1657076043373859}]}"
active,ipwho.is,,GET,,,"{""ip"":""172.56.80.196"",""success"":true,""type"":""IPv4"",""continent"":""North America"",""continent_code"":""NA"",""country"":""United States"",""country_code"":""US"",""region"":""Arizona"",""region_code"":""AZ"",""city"":""Phoenix"",""latitude"":33.4483771,""longitude"":-112.0740373,""is_eu"":false,""postal"":""85004-1905"",""calling_code"":""1"",""capital"":""Washington D.C."",""borders"":""CA,MX"",""flag"":{""img"":""https://cdn.ipwhois.io/flags/us.svg"",""emoji"":""🇺🇸"",""emoji_unicode"":""U+1F1FA U+1F1F8""},""connection"":{""asn"":21928,""org"":""T-Mobile USA, Inc."",""isp"":""T-Mobile USA, Inc."",""domain"":""iu.edu""},""timezone"":{""id"":""America/Phoenix"",""abbr"":""MST"",""is_dst"":false,""offset"":-25200,""utc"":""-07:00"",""current_time"":""2022-06-12T10:39:15-07:00""}}"
active,api.nationalize.io,name=nathaniel,GET,,,"{""name"":""nathaniel"",""country"":[{""country_id"":""GH"",""probability"":0.3306489516462087},{""country_id"":""US"",""probability"":0.21465914776725203},{""country_id"":""PH"",""probability"":0.1657076043373859}]}"
active,ipwho.is,,GET,,,"{""ip"":""172.56.80.196"",""success"":true,""type"":""IPv4"",""continent"":""North America"",""continent_code"":""NA"",""country"":""United States"",""country_code"":""US"",""region"":""Arizona"",""region_code"":""AZ"",""city"":""Phoenix"",""latitude"":33.4483771,""longitude"":-112.0740373,""is_eu"":false,""postal"":""85004-1905"",""calling_code"":""1"",""capital"":""Washington D.C."",""borders"":""CA,MX"",""flag"":{""img"":""https://cdn.ipwhois.io/flags/us.svg"",""emoji"":""🇺🇸"",""emoji_unicode"":""U+1F1FA U+1F1F8""},""connection"":{""asn"":21928,""org"":""T-Mobile USA, Inc."",""isp"":""T-Mobile USA, Inc."",""domain"":""iu.edu""},""timezone"":{""id"":""America/Phoenix"",""abbr"":""MST"",""is_dst"":false,""offset"":-25200,""utc"":""-07:00"",""current_time"":""2022-06-12T10:39:15-07:00""}}"
active,api.nationalize.io,name=nathaniel,GET,,,"{""name"":""nathaniel"",""country"":[{""country_id"":""GH"",""probability"":0.3306489516462087},{""country_id"":""US"",""probability"":0.21465914776725203},{""country_id"":""PH"",""probability"":0.1657076043373859}]}"
active,ipwho.is,,GET,,,"{""ip"":""172.56.80.196"",""success"":true,""type"":""IPv4"",""continent"":""North America"",""continent_code"":""NA"",""country"":""United States"",""country_code"":""US"",""region"":""Arizona"",""region_code"":""AZ"",""city"":""Phoenix"",""latitude"":33.4483771,""longitude"":-112.0740373,""is_eu"":false,""postal"":""85004-1905"",""calling_code"":""1"",""capital"":""Washington D.C."",""borders"":""CA,MX"",""flag"":{""img"":""https://cdn.ipwhois.io/flags/us.svg"",""emoji"":""🇺🇸"",""emoji_unicode"":""U+1F1FA U+1F1F8""},""connection"":{""asn"":21928,""org"":""T-Mobile USA, Inc."",""isp"":""T-Mobile USA, Inc."",""domain"":""iu.edu""},""timezone"":{""id"":""America/Phoenix"",""abbr"":""MST"",""is_dst"":false,""offset"":-25200,""utc"":""-07:00"",""current_time"":""2022-06-12T10:39:15-07:00""}}"
active,api.nationalize.io,name=nathaniel,GET,,,"{""name"":""nathaniel"",""country"":[{""country_id"":""GH"",""probability"":0.3306489516462087},{""country_id"":""US"",""probability"":0.21465914776725203},{""country_id"":""PH"",""probability"":0.1657076043373859}]}"
active,ipwho.is,,GET,,,"{""ip"":""172.56.80.196"",""success"":true,""type"":""IPv4"",""continent"":""North America"",""continent_code"":""NA"",""country"":""United States"",""country_code"":""US"",""region"":""Arizona"",""region_code"":""AZ"",""city"":""Phoenix"",""latitude"":33.4483771,""longitude"":-112.0740373,""is_eu"":false,""postal"":""85004-1905"",""calling_code"":""1"",""capital"":""Washington D.C."",""borders"":""CA,MX"",""flag"":{""img"":""https://cdn.ipwhois.io/flags/us.svg"",""emoji"":""🇺🇸"",""emoji_unicode"":""U+1F1FA U+1F1F8""},""connection"":{""asn"":21928,""org"":""T-Mobile USA, Inc."",""isp"":""T-Mobile USA, Inc."",""domain"":""iu.edu""},""timezone"":{""id"":""America/Phoenix"",""abbr"":""MST"",""is_dst"":false,""offset"":-25200,""utc"":""-07:00"",""current_time"":""2022-06-12T10:39:15-07:00""}}"
active,api.nationalize.io,name=nathaniel,GET,,,"{""name"":""nathaniel"",""country"":[{""country_id"":""GH"",""probability"":0.3306489516462087},{""country_id"":""US"",""probability"":0.21465914776725203},{""country_id"":""PH"",""probability"":0.1657076043373859}]}"
active,ipwho.is,,GET,,,"{""ip"":""172.56.80.196"",""success"":true,""type"":""IPv4"",""continent"":""North America"",""continent_code"":""NA"",""country"":""United States"",""country_code"":""US"",""region"":""Arizona"",""region_code"":""AZ"",""city"":""Phoenix"",""latitude"":33.4483771,""longitude"":-112.0740373,""is_eu"":false,""postal"":""85004-1905"",""calling_code"":""1"",""capital"":""Washington D.C."",""borders"":""CA,MX"",""flag"":{""img"":""https://cdn.ipwhois.io/flags/us.svg"",""emoji"":""🇺🇸"",""emoji_unicode"":""U+1F1FA U+1F1F8""},""connection"":{""asn"":21928,""org"":""T-Mobile USA, Inc."",""isp"":""T-Mobile USA, Inc."",""domain"":""iu.edu""},""timezone"":{""id"":""America/Phoenix"",""abbr"":""MST"",""is_dst"":false,""offset"":-25200,""utc"":""-07:00"",""current_time"":""2022-06-12T10:39:15-07:00""}}"
active,api.nationalize.io,name=nathaniel,GET,,,"{""name"":""nathaniel"",""country"":[{""country_id"":""GH"",""probability"":0.3306489516462087},{""country_id"":""US"",""probability"":0.21465914776725203},{""country_id"":""PH"",""probability"":0.1657076043373859}]}"
active,ipwho.is,,GET,,,"{""ip"":""172.56.80.196"",""success"":true,""type"":""IPv4"",""continent"":""North America"",""continent_code"":""NA"",""country"":""United States"",""country_code"":""US"",""region"":""Arizona"",""region_code"":""AZ"",""city"":""Phoenix"",""latitude"":33.4483771,""longitude"":-112.0740373,""is_eu"":false,""postal"":""85004-1905"",""calling_code"":""1"",""capital"":""Washington D.C."",""borders"":""CA,MX"",""flag"":{""img"":""https://cdn.ipwhois.io/flags/us.svg"",""emoji"":""🇺🇸"",""emoji_unicode"":""U+1F1FA U+1F1F8""},""connection"":{""asn"":21928,""org"":""T-Mobile USA, Inc."",""isp"":""T-Mobile USA, Inc."",""domain"":""iu.edu""},""timezone"":{""id"":""America/Phoenix"",""abbr"":""MST"",""is_dst"":false,""offset"":-25200,""utc"":""-07:00"",""current_time"":""2022-06-12T10:39:15-07:00""}}"
active,api.nationalize.io,name=nathaniel,GET,,,"{""name"":""nathaniel"",""country"":[{""country_id"":""GH"",""probability"":0.3306489516462087},{""country_id"":""US"",""probability"":0.21465914776725203},{""country_id"":""PH"",""probability"":0.1657076043373859}]}"
active,ipwho.is,,GET,,,"{""ip"":""172.56.80.196"",""success"":true,""type"":""IPv4"",""continent"":""North America"",""continent_code"":""NA"",""country"":""United States"",""country_code"":""US"",""region"":""Arizona"",""region_code"":""AZ"",""city"":""Phoenix"",""latitude"":33.4483771,""longitude"":-112.0740373,""is_eu"":false,""postal"":""85004-1905"",""calling_code"":""1"",""capital"":""Washington D.C."",""borders"":""CA,MX"",""flag"":{""img"":""https://cdn.ipwhois.io/flags/us.svg"",""emoji"":""🇺🇸"",""emoji_unicode"":""U+1F1FA U+1F1F8""},""connection"":{""asn"":21928,""org"":""T-Mobile USA, Inc."",""isp"":""T-Mobile USA, Inc."",""domain"":""iu.edu""},""timezone"":{""id"":""America/Phoenix"",""abbr"":""MST"",""is_dst"":false,""offset"":-25200,""utc"":""-07:00"",""current_time"":""2022-06-12T10:39:15-07:00""}}"
active,api.nationalize.io,name=nathaniel,GET,,,"{""name"":""nathaniel"",""country"":[{""country_id"":""GH"",""probability"":0.3306489516462087},{""country_id"":""US"",""probability"":0.21465914776725203},{""country_id"":""PH"",""probability"":0.1657076043373859}]}"
active,ipwho.is,,GET,,,"{""ip"":""172.56.80.196"",""success"":true,""type"":""IPv4"",""continent"":""North America"",""continent_code"":""NA"",""country"":""United States"",""country_code"":""US"",""region"":""Arizona"",""region_code"":""AZ"",""city"":""Phoenix"",""latitude"":33.4483771,""longitude"":-112.0740373,""is_eu"":false,""postal"":""85004-1905"",""calling_code"":""1"",""capital"":""Washington D.C."",""borders"":""CA,MX"",""flag"":{""img"":""https://cdn.ipwhois.io/flags/us.svg"",""emoji"":""🇺🇸"",""emoji_unicode"":""U+1F1FA U+1F1F8""},""connection"":{""asn"":21928,""org"":""T-Mobile USA, Inc."",""isp"":""T-Mobile USA, Inc."",""domain"":""iu.edu""},""timezone"":{""id"":""America/Phoenix"",""abbr"":""MST"",""is_dst"":false,""offset"":-25200,""utc"":""-07:00"",""current_time"":""2022-06-12T10:39:15-07:00""}}"
active,api.nationalize.io,name=nathaniel,GET,,,"{""name"":""nathaniel"",""country"":[{""country_id"":""GH"",""probability"":0.3306489516462087},{""country_id"":""US"",""probability"":0.21465914776725203},{""country_id"":""PH"",""probability"":0.1657076043373859}]}"
active,ipwho.is,,GET,,,"{""ip"":""172.56.80.196"",""success"":true,""type"":""IPv4"",""continent"":""North America"",""continent_code"":""NA"",""country"":""United States"",""country_code"":""US"",""region"":""Arizona"",""region_code"":""AZ"",""city"":""Phoenix"",""latitude"":33.4483771,""longitude"":-112.0740373,""is_eu"":false,""postal"":""85004-1905"",""calling_code"":""1"",""capital"":""Washington D.C."",""borders"":""CA,MX"",""flag"":{""img"":""https://cdn.ipwhois.io/flags/us.svg"",""emoji"":""🇺🇸"",""emoji_unicode"":""U+1F1FA U+1F1F8""},""connection"":{""asn"":21928,""org"":""T-Mobile USA, Inc."",""isp"":""T-Mobile USA, Inc."",""domain"":""iu.edu""},""timezone"":{""id"":""America/Phoenix"",""abbr"":""MST"",""is_dst"":false,""offset"":-25200,""utc"":""-07:00"",""current_time"":""2022-06-12T10:39:15-07:00""}}"
active,api.nationalize.io,name=nathaniel,GET,,,"{""name"":""nathaniel"",""country"":[{""country_id"":""GH"",""probability"":0.3306489516462087},{""country_id"":""US"",""probability"":0.21465914776725203},{""country_id"":""PH"",""probability"":0.1657076043373859}]}"
active,ipwho.is,,GET,,,"{""ip"":""172.56.80.196"",""success"":true,""type"":""IPv4"",""continent"":""North America"",""continent_code"":""NA"",""country"":""United States"",""country_code"":""US"",""region"":""Arizona"",""region_code"":""AZ"",""city"":""Phoenix"",""latitude"":33.4483771,""longitude"":-112.0740373,""is_eu"":false,""postal"":""85004-1905"",""calling_code"":""1"",""capital"":""Washington D.C."",""borders"":""CA,MX"",""flag"":{""img"":""https://cdn.ipwhois.io/flags/us.svg"",""emoji"":""🇺🇸"",""emoji_unicode"":""U+1F1FA U+1F1F8""},""connection"":{""asn"":21928,""org"":""T-Mobile USA, Inc."",""isp"":""T-Mobile USA, Inc."",""domain"":""iu.edu""},""timezone"":{""id"":""America/Phoenix"",""abbr"":""MST"",""is_dst"":false,""offset"":-25200,""utc"":""-07:00"",""current_time"":""2022-06-12T10:39:15-07:00""}}"
active,api.nationalize.io,name=nathaniel,GET,,,"{""name"":""nathaniel"",""country"":[{""country_id"":""GH"",""probability"":0.3306489516462087},{""country_id"":""US"",""probability"":0.21465914776725203},{""country_id"":""PH"",""probability"":0.1657076043373859}]}"
active,ipwho.is,,GET,,,"{""ip"":""172.56.80.196"",""success"":true,""type"":""IPv4"",""continent"":""North America"",""continent_code"":""NA"",""country"":""United States"",""country_code"":""US"",""region"":""Arizona"",""region_code"":""AZ"",""city"":""Phoenix"",""latitude"":33.4483771,""longitude"":-112.0740373,""is_eu"":false,""postal"":""85004-1905"",""calling_code"":""1"",""capital"":""Washington D.C."",""borders"":""CA,MX"",""flag"":{""img"":""https://cdn.ipwhois.io/flags/us.svg"",""emoji"":""🇺🇸"",""emoji_unicode"":""U+1F1FA U+1F1F8""},""connection"":{""asn"":21928,""org"":""T-Mobile USA, Inc."",""isp"":""T-Mobile USA, Inc."",""domain"":""iu.edu""},""timezone"":{""id"":""America/Phoenix"",""abbr"":""MST"",""is_dst"":false,""offset"":-25200,""utc"":""-07:00"",""current_time"":""2022-06-12T10:39:15-07:00""}}"
active,api.nationalize.io,name=nathaniel,GET,,,"{""name"":""nathaniel"",""country"":[{""country_id"":""GH"",""probability"":0.3306489516462087},{""country_id"":""US"",""probability"":0.21465914776725203},{""country_id"":""PH"",""probability"":0.1657076043373859}]}"
active,ipwho.is,,GET,,,"{""ip"":""172.56.80.196"",""success"":true,""type"":""IPv4"",""continent"":""North America"",""continent_code"":""NA"",""country"":""United States"",""country_code"":""US"",""region"":""Arizona"",""region_code"":""AZ"",""city"":""Phoenix"",""latitude"":33.4483771,""longitude"":-112.0740373,""is_eu"":false,""postal"":""85004-1905"",""calling_code"":""1"",""capital"":""Washington D.C."",""borders"":""CA,MX"",""flag"":{""img"":""https://cdn.ipwhois.io/flags/us.svg"",""emoji"":""🇺🇸"",""emoji_unicode"":""U+1F1FA U+1F1F8""},""connection"":{""asn"":21928,""org"":""T-Mobile USA, Inc."",""isp"":""T-Mobile USA, Inc."",""domain"":""iu.edu""},""timezone"":{""id"":""America/Phoenix"",""abbr"":""MST"",""is_dst"":false,""offset"":-25200,""utc"":""-07:00"",""current_time"":""2022-06-12T10:39:15-07:00""}}"
active,api.nationalize.io,name=nathaniel,GET,,,"{""name"":""nathaniel"",""country"":[{""country_id"":""GH"",""probability"":0.3306489516462087},{""country_id"":""US"",""probability"":0.21465914776725203},{""country_id"":""PH"",""probability"":0.1657076043373859}]}"
active,ipwho.is,,GET,,,"{""ip"":""172.56.80.196"",""success"":true,""type"":""IPv4"",""continent"":""North America"",""continent_code"":""NA"",""country"":""United States"",""country_code"":""US"",""region"":""Arizona"",""region_code"":""AZ"",""city"":""Phoenix"",""latitude"":33.4483771,""longitude"":-112.0740373,""is_eu"":false,""postal"":""85004-1905"",""calling_code"":""1"",""capital"":""Washington D.C."",""borders"":""CA,MX"",""flag"":{""img"":""https://cdn.ipwhois.io/flags/us.svg"",""emoji"":""🇺🇸"",""emoji_unicode"":""U+1F1FA U+1F1F8""},""connection"":{""asn"":21928,""org"":""T-Mobile USA, Inc."",""isp"":""T-Mobile USA, Inc."",""domain"":""iu.edu""},""timezone"":{""id"":""America/Phoenix"",""abbr"":""MST"",""is_dst"":false,""offset"":-25200,""utc"":""-07:00"",""current_time"":""2022-06-12T10:39:15-07:00""}}"
active,api.nationalize.io,name=nathaniel,GET,,,"{""name"":""nathaniel"",""country"":[{""country_id"":""GH"",""probability"":0.3306489516462087},{""country_id"":""US"",""probability"":0.21465914776725203},{""country_id"":""PH"",""probability"":0.1657076043373859}]}"
active,ipwho.is,,GET,,,"{""ip"":""172.56.80.196"",""success"":true,""type"":""IPv4"",""continent"":""North America"",""continent_code"":""NA"",""country"":""United States"",""country_code"":""US"",""region"":""Arizona"",""region_code"":""AZ"",""city"":""Phoenix"",""latitude"":33.4483771,""longitude"":-112.0740373,""is_eu"":false,""postal"":""85004-1905"",""calling_code"":""1"",""capital"":""Washington D.C."",""borders"":""CA,MX"",""flag"":{""img"":""https://cdn.ipwhois.io/flags/us.svg"",""emoji"":""🇺🇸"",""emoji_unicode"":""U+1F1FA U+1F1F8""},""connection"":{""asn"":21928,""org"":""T-Mobile USA, Inc."",""isp"":""T-Mobile USA, Inc."",""domain"":""iu.edu""},""timezone"":{""id"":""America/Phoenix"",""abbr"":""MST"",""is_dst"":false,""offset"":-25200,""utc"":""-07:00"",""current_time"":""2022-06-12T10:39:15-07:00""}}"
active,api.nationalize.io,name=nathaniel,GET,,,"{""name"":""nathaniel"",""country"":[{""country_id"":""GH"",""probability"":0.3306489516462087},{""country_id"":""US"",""probability"":0.21465914776725203},{""country_id"":""PH"",""probability"":0.1657076043373859}]}"
active,ipwho.is,,GET,,,"{""ip"":""172.56.80.196"",""success"":true,""type"":""IPv4"",""continent"":""North America"",""continent_code"":""NA"",""country"":""United States"",""country_code"":""US"",""region"":""Arizona"",""region_code"":""AZ"",""city"":""Phoenix"",""latitude"":33.4483771,""longitude"":-112.0740373,""is_eu"":false,""postal"":""85004-1905"",""calling_code"":""1"",""capital"":""Washington D.C."",""borders"":""CA,MX"",""flag"":{""img"":""https://cdn.ipwhois.io/flags/us.svg"",""emoji"":""🇺🇸"",""emoji_unicode"":""U+1F1FA U+1F1F8""},""connection"":{""asn"":21928,""org"":""T-Mobile USA, Inc."",""isp"":""T-Mobile USA, Inc."",""domain"":""iu.edu""},""timezone"":{""id"":""America/Phoenix"",""abbr"":""MST"",""is_dst"":false,""offset"":-25200,""utc"":""-07:00"",""current_time"":""2022-06-12T10:39:15-07:00""}}"
active,api.nationalize.io,name=nathaniel,GET,,,"{""name"":""nathaniel"",""country"":[{""country_id"":""GH"",""probability"":0.3306489516462087},{""country_id"":""US"",""probability"":0.21465914776725203},{""country_id"":""PH"",""probability"":0.1657076043373859}]}"
active,ipwho.is,,GET,,,"{""ip"":""172.56.80.196"",""success"":true,""type"":""IPv4"",""continent"":""North America"",""continent_code"":""NA"",""country"":""United States"",""country_code"":""US"",""region"":""Arizona"",""region_code"":""AZ"",""city"":""Phoenix"",""latitude"":33.4483771,""longitude"":-112.0740373,""is_eu"":false,""postal"":""85004-1905"",""calling_code"":""1"",""capital"":""Washington D.C."",""borders"":""CA,MX"",""flag"":{""img"":""https://cdn.ipwhois.io/flags/us.svg"",""emoji"":""🇺🇸"",""emoji_unicode"":""U+1F1FA U+1F1F8""},""connection"":{""asn"":21928,""org"":""T-Mobile USA, Inc."",""isp"":""T-Mobile USA, Inc."",""domain"":""iu.edu""},""timezone"":{""id"":""America/Phoenix"",""abbr"":""MST"",""is_dst"":false,""offset"":-25200,""utc"":""-07:00"",""current_time"":""2022-06-12T10:39:15-07:00""}}"
active,api.nationalize.io,name=nathaniel,GET,,,"{""name"":""nathaniel"",""country"":[{""country_id"":""GH"",""probability"":0.3306489516462087},{""country_id"":""US"",""probability"":0.21465914776725203},{""country_id"":""PH"",""probability"":0.1657076043373859}]}"
active,ipwho.is,,GET,,,"{""ip"":""172.56.80.196"",""success"":true,""type"":""IPv4"",""continent"":""North America"",""continent_code"":""NA"",""country"":""United States"",""country_code"":""US"",""region"":""Arizona"",""region_code"":""AZ"",""city"":""Phoenix"",""latitude"":33.4483771,""longitude"":-112.0740373,""is_eu"":false,""postal"":""85004-1905"",""calling_code"":""1"",""capital"":""Washington D.C."",""borders"":""CA,MX"",""flag"":{""img"":""https://cdn.ipwhois.io/flags/us.svg"",""emoji"":""🇺🇸"",""emoji_unicode"":""U+1F1FA U+1F1F8""},""connection"":{""asn"":21928,""org"":""T-Mobile USA, Inc."",""isp"":""T-Mobile USA, Inc."",""domain"":""iu.edu""},""timezone"":{""id"":""America/Phoenix"",""abbr"":""MST"",""is_dst"":false,""offset"":-25200,""utc"":""-07:00"",""current_time"":""2022-06-12T10:39:15-07:00""}}"
active,api.nationalize.io,name=nathaniel,GET,,,"{""name"":""nathaniel"",""country"":[{""country_id"":""GH"",""probability"":0.3306489516462087},{""country_id"":""US"",""probability"":0.21465914776725203},{""country_id"":""PH"",""probability"":0.1657076043373859}]}"
active,ipwho.is,,GET,,,"{""ip"":""172.56.80.196"",""success"":true,""type"":""IPv4"",""continent"":""North America"",""continent_code"":""NA"",""country"":""United States"",""country_code"":""US"",""region"":""Arizona"",""region_code"":""AZ"",""city"":""Phoenix"",""latitude"":33.4483771,""longitude"":-112.0740373,""is_eu"":false,""postal"":""85004-1905"",""calling_code"":""1"",""capital"":""Washington D.C."",""borders"":""CA,MX"",""flag"":{""img"":""https://cdn.ipwhois.io/flags/us.svg"",""emoji"":""🇺🇸"",""emoji_unicode"":""U+1F1FA U+1F1F8""},""connection"":{""asn"":21928,""org"":""T-Mobile USA, Inc."",""isp"":""T-Mobile USA, Inc."",""domain"":""iu.edu""},""timezone"":{""id"":""America/Phoenix"",""abbr"":""MST"",""is_dst"":false,""offset"":-25200,""utc"":""-07:00"",""current_time"":""2022-06-12T10:39:15-07:00""}}"
active,api.nationalize.io,name=nathaniel,GET,,,"{""name"":""nathaniel"",""country"":[{""country_id"":""GH"",""probability"":0.3306489516462087},{""country_id"":""US"",""probability"":0.21465914776725203},{""country_id"":""PH"",""probability"":0.1657076043373859}]}"
active,ipwho.is,,GET,,,"{""ip"":""172.56.80.196"",""success"":true,""type"":""IPv4"",""continent"":""North America"",""continent_code"":""NA"",""country"":""United States"",""country_code"":""US"",""region"":""Arizona"",""region_code"":""AZ"",""city"":""Phoenix"",""latitude"":33.4483771,""longitude"":-112.0740373,""is_eu"":false,""postal"":""85004-1905"",""calling_code"":""1"",""capital"":""Washington D.C."",""borders"":""CA,MX"",""flag"":{""img"":""https://cdn.ipwhois.io/flags/us.svg"",""emoji"":""🇺🇸"",""emoji_unicode"":""U+1F1FA U+1F1F8""},""connection"":{""asn"":21928,""org"":""T-Mobile USA, Inc."",""isp"":""T-Mobile USA, Inc."",""domain"":""iu.edu""},""timezone"":{""id"":""America/Phoenix"",""abbr"":""MST"",""is_dst"":false,""offset"":-25200,""utc"":""-07:00"",""current_time"":""2022-06-12T10:39:15-07:00""}}"
active,api.nationalize.io,name=nathaniel,GET,,,"{""name"":""nathaniel"",""country"":[{""country_id"":""GH"",""probability"":0.3306489516462087},{""country_id"":""US"",""probability"":0.21465914776725203},{""country_id"":""PH"",""probability"":0.1657076043373859}]}"
active,ipwho.is,,GET,,,"{""ip"":""172.56.80.196"",""success"":true,""type"":""IPv4"",""continent"":""North America"",""continent_code"":""NA"",""country"":""United States"",""country_code"":""US"",""region"":""Arizona"",""region_code"":""AZ"",""city"":""Phoenix"",""latitude"":33.4483771,""longitude"":-112.0740373,""is_eu"":false,""postal"":""85004-1905"",""calling_code"":""1"",""capital"":""Washington D.C."",""borders"":""CA,MX"",""flag"":{""img"":""https://cdn.ipwhois.io/flags/us.svg"",""emoji"":""🇺🇸"",""emoji_unicode"":""U+1F1FA U+1F1F8""},""connection"":{""asn"":21928,""org"":""T-Mobile USA, Inc."",""isp"":""T-Mobile USA, Inc."",""domain"":""iu.edu""},""timezone"":{""id"":""America/Phoenix"",""abbr"":""MST"",""is_dst"":false,""offset"":-25200,""utc"":""-07:00"",""current_time"":""2022-06-12T10:39:15-07:00""}}"
active,api.nationalize.io,name=nathaniel,GET,,,"{""name"":""nathaniel"",""country"":[{""country_id"":""GH"",""probability"":0.3306489516462087},{""country_id"":""US"",""probability"":0.21465914776725203},{""country_id"":""PH"",""probability"":0.1657076043373859}]}"
active,ipwho.is,,GET,,,"{""ip"":""172.56.80.196"",""success"":true,""type"":""IPv4"",""continent"":""North America"",""continent_code"":""NA"",""country"":""United States"",""country_code"":""US"",""region"":""Arizona"",""region_code"":""AZ"",""city"":""Phoenix"",""latitude"":33.4483771,""longitude"":-112.0740373,""is_eu"":false,""postal"":""85004-1905"",""calling_code"":""1"",""capital"":""Washington D.C."",""borders"":""CA,MX"",""flag"":{""img"":""https://cdn.ipwhois.io/flags/us.svg"",""emoji"":""🇺🇸"",""emoji_unicode"":""U+1F1FA U+1F1F8""},""connection"":{""asn"":21928,""org"":""T-Mobile USA, Inc."",""isp"":""T-Mobile USA, Inc."",""domain"":""iu.edu""},""timezone"":{""id"":""America/Phoenix"",""abbr"":""MST"",""is_dst"":false,""offset"":-25200,""utc"":""-07:00"",""current_time"":""2022-06-12T10:39:15-07:00""}}"
active,api.nationalize.io,name=nathaniel,GET,,,"{""name"":""nathaniel"",""country"":[{""country_id"":""GH"",""probability"":0.3306489516462087},{""country_id"":""US"",""probability"":0.21465914776725203},{""country_id"":""PH"",""probability"":0.1657076043373859}]}"
active,ipwho.is,,GET,,,"{""ip"":""172.56.80.196"",""success"":true,""type"":""IPv4"",""continent"":""North America"",""continent_code"":""NA"",""country"":""United States"",""country_code"":""US"",""region"":""Arizona"",""region_code"":""AZ"",""city"":""Phoenix"",""latitude"":33.4483771,""longitude"":-112.0740373,""is_eu"":false,""postal"":""85004-1905"",""calling_code"":""1"",""capital"":""Washington D.C."",""borders"":""CA,MX"",""flag"":{""img"":""https://cdn.ipwhois.io/flags/us.svg"",""emoji"":""🇺🇸"",""emoji_unicode"":""U+1F1FA U+1F1F8""},""connection"":{""asn"":21928,""org"":""T-Mobile USA, Inc."",""isp"":""T-Mobile USA, Inc."",""domain"":""iu.edu""},""timezone"":{""id"":""America/Phoenix"",""abbr"":""MST"",""is_dst"":false,""offset"":-25200,""utc"":""-07:00"",""current_time"":""2022-06-12T10:39:15-07:00""}}"
active,api.nationalize.io,name=nathaniel,GET,,,"{""name"":""nathaniel"",""country"":[{""country_id"":""GH"",""probability"":0.3306489516462087},{""country_id"":""US"",""probability"":0.21465914776725203},{""country_id"":""PH"",""probability"":0.1657076043373859}]}"
active,ipwho.is,,GET,,,"{""ip"":""172.56.80.196"",""success"":true,""type"":""IPv4"",""continent"":""North America"",""continent_code"":""NA"",""country"":""United States"",""country_code"":""US"",""region"":""Arizona"",""region_code"":""AZ"",""city"":""Phoenix"",""latitude"":33.4483771,""longitude"":-112.0740373,""is_eu"":false,""postal"":""85004-1905"",""calling_code"":""1"",""capital"":""Washington D.C."",""borders"":""CA,MX"",""flag"":{""img"":""https://cdn.ipwhois.io/flags/us.svg"",""emoji"":""🇺🇸"",""emoji_unicode"":""U+1F1FA U+1F1F8""},""connection"":{""asn"":21928,""org"":""T-Mobile USA, Inc."",""isp"":""T-Mobile USA, Inc."",""domain"":""iu.edu""},""timezone"":{""id"":""America/Phoenix"",""abbr"":""MST"",""is_dst"":false,""offset"":-25200,""utc"":""-07:00"",""current_time"":""2022-06-12T10:39:15-07:00""}}"
